{"lookback": 8, "granularity": "month", "feature_cols": ["rating", "sentiment", "review_count", "rating_env", "rating_flavor", "rating_service"], "feature_min": [2.303333282470703, -0.1537158340215683, 1.0, 0.0, 0.0, 0.0], "feature_max": [3.854617118835449, 0.23473601043224335, 40.0, 0.0, 0.0, 0.0]}