{"lookback": 8, "granularity": "month", "feature_cols": ["rating", "sentiment", "review_count", "rating_env", "rating_flavor", "rating_service"], "feature_min": [3.095238208770752, 0.027579084038734436, 0.3333333432674408, 2.6666667461395264, 2.5833332538604736, 2.1666667461395264], "feature_max": [4.166666507720947, 0.49642160534858704, 5.333333492279053, 4.0, 3.7083332538604736, 3.328571319580078]}