{"lookback": 8, "granularity": "month", "feature_min": [4.164000034332275, 0.3549366295337677, 19.0], "feature_max": [4.480000019073486, 0.5831226706504822, 34.0]}