{"lookback": 8, "granularity": "month", "feature_cols": ["rating", "sentiment", "review_count", "rating_env", "rating_flavor", "rating_service", "factor_score"], "feature_min": [3.8009259700775146, 0.11847247183322906, 6.333333492279053, 2.767857074737549, 3.482142925262451, 2.6338624954223633, 0.15582306683063507], "feature_max": [4.4083333015441895, 0.4218011498451233, 14.0, 3.1232492923736572, 4.199999809265137, 3.325000047683716, 0.29436466097831726]}